Techniques,F1-Score,Accuracy,Precision,Recall,MAPE,RMSE,MAE,MSE
Linear_Regression,75.877,78.345,76.56,76.98,20.0,23.0,27.0,26.0
ELM,75.0,78.98,76.45,22.78,13.0,12.0,15.0,18.0
SVM,87.876,87.987,86.908,85.987,1.7884785931704992,12.275563014988613,10.493107987471818,11.949100292882285
ESVM,90.67,93.987,91.87,90.987,1.3678175067560396,9.425267859691795,10.628247520075577,10.413041516086464
CNN,88.657,89.0,90.0,88.76,10.0,12.0,15.0,18.0
